name,type,address,phone,website,rating,reviews,status,hours
Nu Dentistry,dentist,"5706 San Felipe St Ste B-300, Houston, TX 77057, USA",(346) 566-4100,https://nudentistry.com/,4.9,2148,OPERATIONAL,Monday: 9:00 AM – 6:00 PM | Tuesday: 9:00 AM – 6:00 PM | Wednesday: 9:00 AM – 6:00 PM | Thursday: 9:00 AM – 6:00 PM | Friday: 9:00 AM – 6:00 PM | Saturday: 9:00 AM – 1:00 PM | Sunday: Closed
Dentiq Dentistry Houston,dentist,"1355 W Gray St, Houston, TX 77019, USA",(713) 999-3619,https://www.dentiq.dental/,4.9,1242,OPERATIONAL,Monday: 8:00 AM – 12:00 PM | Tuesday: 7:00 AM – 3:00 PM | Wednesday: 7:00 AM – 3:00 PM | Thursday: 7:00 AM – 3:00 PM | Friday: 7:00 AM – 3:00 PM | Saturday: Closed | Sunday: Closed
Dentist Tree Of The Heights,dentist,"2105 Yale St Ste 300, Houston, TX 77008, USA",(281) 849-8858,http://www.dentisttreeheights.com/,4.9,706,OPERATIONAL,Monday: 8:00 AM – 5:00 PM | Tuesday: 8:00 AM – 5:00 PM | Wednesday: 8:00 AM – 5:00 PM | Thursday: 8:00 AM – 5:00 PM | Friday: 8:00 AM – 5:00 PM | Saturday: Closed | Sunday: Closed
Texas Dental Center,dentist,"9801 Bissonnet St Ste K, Houston, TX 77036, USA",(832) 831-9101,https://www.texasdentalcenter.com/?utm_source=GMB&utm_medium=Organic&utm_campaign=LocalBusiness,4.9,977,OPERATIONAL,Monday: 9:00 AM – 5:00 PM | Tuesday: 9:00 AM – 5:00 PM | Wednesday: 9:00 AM – 5:00 PM | Thursday: 9:00 AM – 5:00 PM | Friday: 9:00 AM – 5:00 PM | Saturday: 9:00 AM – 1:00 PM | Sunday: Closed
The Houston Dentists,dentist,"4914 Bissonnet St #200, Bellaire, TX 77401, USA",(346) 202-3432,https://www.drfrazar.com/?utm_source=google&utm_medium=organic&utm_campaign=gbp-listing,5,709,OPERATIONAL,Monday: 8:00 AM – 5:00 PM | Tuesday: 8:00 AM – 5:00 PM | Wednesday: 8:00 AM – 5:00 PM | Thursday: 8:00 AM – 5:00 PM | Friday: 8:00 AM – 4:00 PM | Saturday: Closed | Sunday: Closed
MINT dentistry,dentist,"3607 Old Spanish Trl Suite G, Houston, TX 77021, USA",(281) 747-9500,https://mintdentistry.com/dentist/houston/south-houston,4.8,1336,OPERATIONAL,Monday: 8:00 AM – 5:30 PM | Tuesday: 8:00 AM – 5:30 PM | Wednesday: 8:00 AM – 5:30 PM | Thursday: 8:00 AM – 5:30 PM | Friday: 8:00 AM – 5:30 PM | Saturday: Closed | Sunday: Closed
Dentistry Of The Oaks,dentist,"1717 W 34th St Suite 450, Houston, TX 77018, USA",(832) 906-8738,https://www.dentistryoftheoaks.com/,4.9,410,OPERATIONAL,Monday: 7:30 AM – 4:00 PM | Tuesday: 7:30 AM – 4:00 PM | Wednesday: 7:30 AM – 4:00 PM | Thursday: 7:30 AM – 4:00 PM | Friday: Closed | Saturday: Closed | Sunday: Closed
The Dentists At Houston Westchase,dentist,"1500 CityWest Blvd #110, Houston, TX 77042, USA",(832) 830-8226,https://www.houstonwestchasedentists.com/,4.9,1338,OPERATIONAL,Monday: 7:00 AM – 4:00 PM | Tuesday: 7:00 AM – 3:00 PM | Wednesday: 7:00 AM – 3:00 PM | Thursday: 7:00 AM – 3:00 PM | Friday: 7:00 AM – 1:00 PM | Saturday: Closed | Sunday: Closed
Emergency Dental Care USA,dentist,"7906 Gulf Fwy, Houston, TX 77017, USA",(713) 396-3844,https://www.emergencydental.com/se-houston,4.6,761,OPERATIONAL,Monday: 9:00 AM – 9:00 PM | Tuesday: 9:00 AM – 9:00 PM | Wednesday: 9:00 AM – 9:00 PM | Thursday: 9:00 AM – 9:00 PM | Friday: 9:00 AM – 9:00 PM | Saturday: 9:00 AM – 9:00 PM | Sunday: 9:00 AM – 9:00 PM
Sapphire Smiles - Dr. Antoun | Leading Cosmetic Dentist in Houston,dentist,"2522 Yale St #210, Houston, TX 77008, USA",(832) 409-0400,https://www.sapphiresmilesdentistry.com/,5,811,OPERATIONAL,Monday: 9:00 AM – 4:00 PM | Tuesday: 10:00 AM – 5:00 PM | Wednesday: Closed | Thursday: 10:00 AM – 5:00 PM | Friday: 9:00 AM – 4:00 PM | Saturday: 9:00 AM – 4:00 PM | Sunday: Closed
Smile 4 Texas Dental Center - Spring Branch Dentist,dentist,"1400 Blalock Rd D1, Houston, TX 77055, USA",(713) 360-7963,https://www.smile4texas.com/,4.9,863,OPERATIONAL,Monday: 9:00 AM – 6:00 PM | Tuesday: 9:00 AM – 6:00 PM | Wednesday: 10:00 AM – 7:00 PM | Thursday: 10:00 AM – 6:00 PM | Friday: 9:00 AM – 4:00 PM | Saturday: 9:00 AM – 3:00 PM | Sunday: Closed
Memorial Park Dental Spa,dentist,"6010 Washington Ave suite d, Houston, TX 77007, USA",(713) 864-3800,https://www.memorialparkdental.com/,4.8,953,OPERATIONAL,Monday: 11:00 AM – 7:00 PM | Tuesday: 11:00 AM – 7:00 PM | Wednesday: Closed | Thursday: 7:00 AM – 3:30 PM | Friday: 7:00 AM – 3:30 PM | Saturday: 7:00 AM – 3:30 PM | Sunday: Closed
Houston Dentists at Post Oak,dentist,"1330 Post Oak Blvd #1300, Houston, TX 77056, USA",(713) 255-1029,https://www.houstondentistsatpostoak.com/,4.9,293,OPERATIONAL,Monday: 8:00 AM – 5:00 PM | Tuesday: 7:00 AM – 3:00 PM | Wednesday: 7:00 AM – 3:00 PM | Thursday: 8:00 AM – 5:00 PM | Friday: Closed | Saturday: Closed | Sunday: Closed
FLO dentistry,dentist,"1111 Shepherd Dr Suite 200, Houston, TX 77007, USA",(832) 345-9383,https://www.flodentistry.com/?utm_source=google&utm_medium=organic&utm_campaign=gbp-listing,5,660,OPERATIONAL,Monday: 8:00 AM – 5:30 PM | Tuesday: 8:00 AM – 5:30 PM | Wednesday: 8:00 AM – 5:30 PM | Thursday: 8:00 AM – 5:30 PM | Friday: 8:00 AM – 3:00 PM | Saturday: 9:00 AM – 2:00 PM | Sunday: Closed
EaDo Family Dental,dentist,"2240 Navigation Blvd #300, Houston, TX 77003, USA",(346) 449-4647,https://www.eadofamilydental.com/?utm_source=google&utm_medium=organic&utm_campaign=gbp-listing,5,918,OPERATIONAL,Monday: 10:00 AM – 7:00 PM | Tuesday: 10:00 AM – 7:00 PM | Wednesday: 9:00 AM – 6:00 PM | Thursday: 9:00 AM – 6:00 PM | Friday: 9:00 AM – 5:00 PM | Saturday: Closed | Sunday: Closed
Downtown Houston Dental,dentist,"910 Louisiana St Suite 190, Houston, TX 77002, USA",(713) 229-8100,http://www.downtownhoustondentist.com/,4.9,447,OPERATIONAL,Monday: 7:00 AM – 4:00 PM | Tuesday: 7:00 AM – 4:00 PM | Wednesday: 7:00 AM – 4:00 PM | Thursday: 7:00 AM – 4:00 PM | Friday: Closed | Saturday: Closed | Sunday: Closed
Restore Dental At Montrose,dentist,"1110 W Gray St suite 220, Houston, TX 77019, USA",(281) 768-8944,https://www.restoredentalmontrose.com/?utm_source=gmb&utm_medium=organic,5,148,OPERATIONAL,Monday: 8:00 AM – 5:00 PM | Tuesday: 8:00 AM – 5:00 PM | Wednesday: 8:00 AM – 5:00 PM | Thursday: 8:00 AM – 5:00 PM | Friday: 8:00 AM – 1:00 PM | Saturday: Closed | Sunday: Closed
Midtown Dentistry,dentist,"315 Westheimer Rd, Houston, TX 77006, USA",(713) 588-9297,https://midtowndentistry.com/locations/westheimer,4.8,1405,OPERATIONAL,Monday: 8:00 AM – 5:00 PM | Tuesday: 8:00 AM – 5:00 PM | Wednesday: 8:00 AM – 5:00 PM | Thursday: 8:00 AM – 5:00 PM | Friday: 8:00 AM – 2:00 PM | Saturday: Closed | Sunday: Closed
URBN Dental Implants & Invisalign | Uptown,dentist,"2400 Mid Ln #350, Houston, TX 77027, USA",(713) 322-8442,https://urbndental.com/texas/houston-dental-services/river-oaks/?utm_campaign=local-listings&utm_term=uptown,4.9,1095,OPERATIONAL,Monday: 8:00 AM – 5:00 PM | Tuesday: 8:00 AM – 5:00 PM | Wednesday: 8:00 AM – 5:00 PM | Thursday: 8:00 AM – 5:00 PM | Friday: 8:00 AM – 5:00 PM | Saturday: 8:00 AM – 2:00 PM | Sunday: Closed
URBN Dental Implants & Invisalign | Midtown,dentist,"3510 Main St Ste E, Houston, TX 77002, USA",(346) 815-9997,https://urbndental.com/texas/houston-dental-services/midtown/?utm_campaign=local-listings&utm_term=midtown,4.9,877,OPERATIONAL,Monday: 8:00 AM – 5:00 PM | Tuesday: 8:00 AM – 5:00 PM | Wednesday: 8:00 AM – 5:00 PM | Thursday: 8:00 AM – 5:00 PM | Friday: 8:00 AM – 5:00 PM | Saturday: 8:00 AM – 2:00 PM | Sunday: Closed
Sunrise Dental Center,dentist,"2707 N Shepherd Dr, Houston, TX 77008, USA",(713) 869-9973,https://www.sunrisedentalsmile.com/,4.9,794,OPERATIONAL,Monday: 7:30 AM – 5:00 PM | Tuesday: 7:30 AM – 5:00 PM | Wednesday: 7:30 AM – 5:00 PM | Thursday: 7:30 AM – 5:00 PM | Friday: 7:30 AM – 5:00 PM | Saturday: 7:30 AM – 2:00 PM | Sunday: Closed
Antoine Dental Center,dentist,"701 E Burress St, Houston, TX 77022, USA",(713) 691-8880,https://www.antoinedentalcenter.com/,4.7,3201,OPERATIONAL,Monday: 11:00 AM – 6:30 PM | Tuesday: 10:00 AM – 6:30 PM | Wednesday: 10:00 AM – 6:30 PM | Thursday: Closed | Friday: 10:00 AM – 6:30 PM | Saturday: 9:00 AM – 2:00 PM | Sunday: Closed
Emergency Dental Care USA,dentist,"5959 W Loop S #520, Bellaire, TX 77401, USA",(713) 893-5057,https://www.emergencydental.com/houston,4.4,643,OPERATIONAL,Monday: 9:00 AM – 9:00 PM | Tuesday: 9:00 AM – 9:00 PM | Wednesday: 9:00 AM – 9:00 PM | Thursday: 9:00 AM – 9:00 PM | Friday: 9:00 AM – 9:00 PM | Saturday: 9:00 AM – 9:00 PM | Sunday: 9:00 AM – 9:00 PM
Dental Clinics of Texas,dentist,"17440 FM 529 Suite 100, Houston, TX 77095, USA",(832) 427-1901,http://www.dentalclinicsoftexas.com/,4.8,958,OPERATIONAL,Monday: 9:00 AM – 5:00 PM | Tuesday: 9:00 AM – 5:00 PM | Wednesday: 9:00 AM – 5:00 PM | Thursday: 9:00 AM – 5:00 PM | Friday: 9:00 AM – 5:00 PM | Saturday: Closed | Sunday: Closed
Houston City Dental,dentist,"5901 Bellaire Blvd #105, Houston, TX 77081, USA",(832) 582-7171,,4.9,419,OPERATIONAL,Monday: 9:00 AM – 5:00 PM | Tuesday: 9:00 AM – 5:00 PM | Wednesday: 9:00 AM – 5:00 PM | Thursday: Closed | Friday: 8:00 AM – 4:00 PM | Saturday: 9:00 AM – 1:00 PM | Sunday: Closed
houston medical center dental,dentist,"6400 Fannin St #2040, Houston, TX 77030, USA",(713) 795-0608,http://www.houstonmedicalcenterdental.com/,4.8,48,OPERATIONAL,Monday: 8:00 AM – 5:00 PM | Tuesday: 7:30 AM – 5:00 PM | Wednesday: 7:30 AM – 5:00 PM | Thursday: 7:30 AM – 5:00 PM | Friday: Closed | Saturday: Closed | Sunday: Closed
Avion Dental,dentist,"11020 Airline Dr, Houston, TX 77037, USA",(281) 272-1959,http://aviondentalhouston.com/,4.9,1999,OPERATIONAL,Monday: 2:00 – 7:00 PM | Tuesday: 11:00 AM – 7:00 PM | Wednesday: 11:00 AM – 7:00 PM | Thursday: 11:00 AM – 7:00 PM | Friday: 11:00 AM – 6:00 PM | Saturday: 10:00 AM – 2:00 PM | Sunday: Closed
Avicenna (Ibn Sina) Community Medical (Mon-Fri) & Dental Clinic (Mon-Sat),dentist,"5012 N Shepherd Dr, Houston, TX 77018, USA",(713) 695-7462,http://www.ibnsinafoundation.org/,4.3,208,OPERATIONAL,Monday: 8:30 AM – 5:00 PM | Tuesday: 8:30 AM – 5:00 PM | Wednesday: 8:30 AM – 5:00 PM | Thursday: 8:30 AM – 5:00 PM | Friday: 8:30 AM – 5:00 PM | Saturday: 9:00 AM – 5:00 PM | Sunday: Closed
Dental Care and Implants of South East Houston (Formerly Known As: A Dental Care - Gulfgate),dentist,"6888 Gulf Fwy, Houston, TX 77087, USA",(832) 990-2874,https://www.dentalcareandimplants.com/locations/gulfgate-office-houston-tx/,4.9,1021,OPERATIONAL,Monday: 10:00 AM – 7:00 PM | Tuesday: 10:00 AM – 7:00 PM | Wednesday: 9:00 AM – 4:00 PM | Thursday: 10:00 AM – 7:00 PM | Friday: Closed | Saturday: 9:00 AM – 5:00 PM | Sunday: Closed
Garden Oaks Dental,dentist,"2500 W Loop S Freeway Suite 255, Houston, TX 77027, USA",(713) 880-4300,https://www.gardenoaksdental.com/?utm_source=gmb_auth,4.9,390,OPERATIONAL,Monday: 9:00 AM – 5:00 PM | Tuesday: 9:00 AM – 5:00 PM | Wednesday: 9:00 AM – 5:00 PM | Thursday: 9:00 AM – 5:00 PM | Friday: 9:00 AM – 1:00 PM | Saturday: Closed | Sunday: Closed
Houston Dental Oasis: Dr. Amelia Wang,dentist,"3004 Yale St Ste 500, Houston, TX 77018, USA",(713) 331-3177,https://houstondentaloasis.com/?utm_source=google&utm_medium=organic&utm_campaign=gbp,4.9,436,OPERATIONAL,Monday: 9:00 AM – 8:00 PM | Tuesday: 9:00 AM – 5:00 PM | Wednesday: 9:00 AM – 8:00 PM | Thursday: 9:00 AM – 5:00 PM | Friday: 9:00 AM – 6:00 PM | Saturday: 9:00 AM – 12:00 PM | Sunday: Closed
Urgent Dental Care of Houston,dentist,"3264 S Loop W, Houston, TX 77025, USA",(346) 551-4600,https://urgentdentalhub.com/,4.9,606,OPERATIONAL,Monday: Closed | Tuesday: Closed | Wednesday: Closed | Thursday: Closed | Friday: 8:00 AM – 8:00 PM | Saturday: 8:00 AM – 8:00 PM | Sunday: 8:00 AM – 8:00 PM
Zehl & Associates - Houston,lawyer,"2700 Post Oak Blvd #1000, Houston, TX 77056, USA",(713) 322-3878,https://www.zehllaw.com/?utm_source=google&utm_medium=organic&utm_campaign=gmb,5,1318,OPERATIONAL,Monday: Open 24 hours | Tuesday: Open 24 hours | Wednesday: Open 24 hours | Thursday: Open 24 hours | Friday: Open 24 hours | Saturday: Open 24 hours | Sunday: Open 24 hours
Attorney Brian White & Associates,lawyer,"3120 Southwest Fwy Suite 350, Houston, TX 77098, USA",(713) 364-1466,https://attorneybrianwhite.com/?utm_campaign=gmb&utm_medium=organic&utm_source=gmb,4.9,1720,OPERATIONAL,Monday: Open 24 hours | Tuesday: Open 24 hours | Wednesday: Open 24 hours | Thursday: Open 24 hours | Friday: Open 24 hours | Saturday: Open 24 hours | Sunday: Open 24 hours
The Law Offices of Hilda Sibrian,lawyer,"846 North Loop, Houston, TX 77009, USA",(713) 714-1414,https://hildasibrian.com/?utm_campaign=gmb,5,3302,OPERATIONAL,Monday: Open 24 hours | Tuesday: Open 24 hours | Wednesday: Open 24 hours | Thursday: Open 24 hours | Friday: Open 24 hours | Saturday: Open 24 hours | Sunday: Open 24 hours
Amaro Law Firm,lawyer,"2500 E T C Jester Blvd, Houston, TX 77008, USA",(713) 999-4674,https://amarolawfirm.com/houston-personal-injury-lawyers/?utm_source=GBP&utm_medium=Organic&utm_campaign=Houston,4.9,3329,OPERATIONAL,Monday: Open 24 hours | Tuesday: Open 24 hours | Wednesday: Open 24 hours | Thursday: Open 24 hours | Friday: Open 24 hours | Saturday: Open 24 hours | Sunday: Open 24 hours
Charles J. Argento & Associates Accident & Injury Lawyers - Houston,lawyer,"1111 N Loop W #715, Houston, TX 77008, USA",(713) 225-5050,https://charlesargento.com/?utm_source=GMB&utm_medium=organic&utm_campaign=Google%20My%20Business,5,768,OPERATIONAL,Monday: Open 24 hours | Tuesday: Open 24 hours | Wednesday: Open 24 hours | Thursday: Open 24 hours | Friday: Open 24 hours | Saturday: Open 24 hours | Sunday: Open 24 hours
"Simmons and Fletcher, P.C. - Houston",lawyer,"9821 Katy Fwy # 590, Houston, TX 77024, USA",(713) 932-0777,https://www.simmonsandfletcher.com/?utm_source=gmb&utm_medium=organic,4.9,498,OPERATIONAL,Monday: Open 24 hours | Tuesday: Open 24 hours | Wednesday: Open 24 hours | Thursday: Open 24 hours | Friday: Open 24 hours | Saturday: Open 24 hours | Sunday: Open 24 hours
Abogado Javier Marcos - Abogado de Accidentes,lawyer,"228 Westheimer Rd, Houston, TX 77006, USA",(713) 999-4444,https://www.abogadojaviermarcos.com/,4.9,1548,OPERATIONAL,Monday: Open 24 hours | Tuesday: Open 24 hours | Wednesday: Open 24 hours | Thursday: Open 24 hours | Friday: Open 24 hours | Saturday: Open 24 hours | Sunday: Open 24 hours
Ryan Nguyen Attorney At Law,lawyer,"2122 E Governors Cir, Houston, TX 77092, USA",(832) 742-6300,https://www.abogadoryan.com/,5,421,OPERATIONAL,Monday: Open 24 hours | Tuesday: Open 24 hours | Wednesday: Open 24 hours | Thursday: Open 24 hours | Friday: Open 24 hours | Saturday: Open 24 hours | Sunday: Open 24 hours
Terry Bryant Accident & Injury Law,lawyer,"8584 Katy Fwy #100, Houston, TX 77024, USA",(936) 274-6917,https://www.terrybryant.com/?utm_source=Local&utm_medium=organic&utm_campaign=GMB,4.7,473,OPERATIONAL,Monday: Open 24 hours | Tuesday: Open 24 hours | Wednesday: Open 24 hours | Thursday: Open 24 hours | Friday: Open 24 hours | Saturday: Open 24 hours | Sunday: Open 24 hours
Steve Lee - Accident & Injury Attorneys,lawyer,"5815 Gulf Fwy Suite 300, Houston, TX 77023, USA",(713) 921-4171,https://www.attorneystevelee.com/?utm_source=gmb&utm_medium=organic,4.9,1340,OPERATIONAL,Monday: Open 24 hours | Tuesday: Open 24 hours | Wednesday: Open 24 hours | Thursday: Open 24 hours | Friday: Open 24 hours | Saturday: Open 24 hours | Sunday: Open 24 hours
Arnold & Itkin,lawyer,"6009 Memorial Dr, Houston, TX 77007, USA",(713) 497-1446,https://www.arnolditkin.com/houston-personal-injury-lawyers/?SPPC=Offline&sppccampaignid=205296&utm_source=GMBlisting&utm_medium=organic,4.6,1195,OPERATIONAL,Monday: Open 24 hours | Tuesday: Open 24 hours | Wednesday: Open 24 hours | Thursday: Open 24 hours | Friday: Open 24 hours | Saturday: Open 24 hours | Sunday: Open 24 hours
Herrman & Herrman P.L.L.C,lawyer,"11000 Richmond Ave # 180, Houston, TX 77042, USA",(713) 565-1899,https://www.herrmanandherrman.com/texas-personal-injury-firm/houston-tx/,4.9,1706,OPERATIONAL,Monday: Open 24 hours | Tuesday: Open 24 hours | Wednesday: Open 24 hours | Thursday: Open 24 hours | Friday: Open 24 hours | Saturday: Open 24 hours | Sunday: Open 24 hours
Mokaram Injury Lawyers,lawyer,"2500 W Loop S #450, Houston, TX 77027, USA",(281) 222-2222,https://www.mokaraminjurylawyers.com/?utm_source=GBPlistingHoustonWebsite&utm_medium=organic,4.9,948,OPERATIONAL,Monday: Open 24 hours | Tuesday: Open 24 hours | Wednesday: Open 24 hours | Thursday: Open 24 hours | Friday: Open 24 hours | Saturday: Open 24 hours | Sunday: Open 24 hours
Smith & Hassler,lawyer,"1225 N Loop W #525, Houston, TX 77008, USA",(713) 739-1250,https://www.smithandhassler.com/,4.8,526,OPERATIONAL,Monday: Open 24 hours | Tuesday: Open 24 hours | Wednesday: Open 24 hours | Thursday: Open 24 hours | Friday: Open 24 hours | Saturday: Open 24 hours | Sunday: Open 24 hours
"Schechter, Shaffer & Harris, LLP — Accident & Injury Attorneys",lawyer,"3200 Travis St #300, Houston, TX 77006, USA",(832) 551-1056,https://www.smslegal.com/?utm_source=GBP&utm_medium=GBP&utm_campaign=GBP_Houston&utm_id=GBP_Houston,4.9,1039,OPERATIONAL,Monday: Open 24 hours | Tuesday: Open 24 hours | Wednesday: Open 24 hours | Thursday: Open 24 hours | Friday: Open 24 hours | Saturday: Open 24 hours | Sunday: Open 24 hours
Ramji Law Group P.C.,lawyer,"9186 Katy Fwy, Houston, TX 77055, USA",(713) 360-0997,https://ramjilaw.com/houston-truck-accident-lawyer/?utm_campaign=gmb,4.8,2561,OPERATIONAL,Monday: Open 24 hours | Tuesday: Open 24 hours | Wednesday: Open 24 hours | Thursday: Open 24 hours | Friday: Open 24 hours | Saturday: Open 24 hours | Sunday: Open 24 hours
The Salazar Law Firm,lawyer,"321 Heights Blvd, Houston, TX 77007, USA",(281) 857-6770,https://hurtinhouston.com/,4.9,166,OPERATIONAL,Monday: Open 24 hours | Tuesday: Open 24 hours | Wednesday: Open 24 hours | Thursday: Open 24 hours | Friday: Open 24 hours | Saturday: Open 24 hours | Sunday: Open 24 hours
PM Law Firm,lawyer,"15600 John F Kennedy Blvd Suite 650, Houston, TX 77032, USA",(281) 968-9529,https://www.pmtxlaw.com/,4.9,603,OPERATIONAL,Monday: Open 24 hours | Tuesday: Open 24 hours | Wednesday: Open 24 hours | Thursday: Open 24 hours | Friday: Open 24 hours | Saturday: Open 24 hours | Sunday: Open 24 hours
Husain Law,lawyer,"5916 Winsome Ln #400, Houston, TX 77057, USA",(713) 804-8149,https://hlalawfirm.com/es/,4.9,480,OPERATIONAL,Monday: Open 24 hours | Tuesday: Open 24 hours | Wednesday: Open 24 hours | Thursday: Open 24 hours | Friday: Open 24 hours | Saturday: Open 24 hours | Sunday: Open 24 hours
Sneed & Mitchell LLP - Catastrophic & Wrongful Death Lawyers®,lawyer,"2525 Robinhood St #1100, Houston, TX 77005, USA",(713) 800-6676,http://sneedmitchell.com/,4.9,443,OPERATIONAL,Monday: Open 24 hours | Tuesday: Open 24 hours | Wednesday: Open 24 hours | Thursday: Open 24 hours | Friday: Open 24 hours | Saturday: Open 24 hours | Sunday: Open 24 hours
"Law Office of Matt Tyson, PLLC",lawyer,"1004 Prairie St #300, Houston, TX 77002, USA",(713) 869-7474,https://tysonfamilylaw.com/?utm_source=gmb,4.9,303,OPERATIONAL,Monday: 9:00 AM – 5:00 PM | Tuesday: 9:00 AM – 5:00 PM | Wednesday: 9:00 AM – 5:00 PM | Thursday: 9:00 AM – 5:00 PM | Friday: 9:00 AM – 12:00 PM | Saturday: Closed | Sunday: Closed
"Ramos Law Group, PLLC",lawyer,"1214 Miramar St, Houston, TX 77006, USA",(713) 597-5567,https://www.ramosfamilylaw.com/?utm_campaign=gmb&utm_medium=gmb&utm_source=rlggbp,5,98,OPERATIONAL,Monday: 8:00 AM – 6:00 PM | Tuesday: 8:00 AM – 6:00 PM | Wednesday: 8:00 AM – 6:00 PM | Thursday: 8:00 AM – 6:00 PM | Friday: 8:00 AM – 6:00 PM | Saturday: Closed | Sunday: Closed
"Walters Gilbreath, PLLC",lawyer,"440 Louisiana St #2450, Houston, TX 77002, USA",(713) 275-7830,https://www.waltersgilbreath.com/houston/,5,356,OPERATIONAL,Monday: 8:00 AM – 5:00 PM | Tuesday: 8:00 AM – 5:00 PM | Wednesday: 8:00 AM – 5:00 PM | Thursday: 8:00 AM – 5:00 PM | Friday: 8:00 AM – 5:00 PM | Saturday: Closed | Sunday: Closed
Longworth Law Firm,lawyer,"440 Louisiana St Suite 977, Houston, TX 77002, USA",(832) 626-2208,https://www.myhoustondivorce.lawyer/?utm_source=GBP&utm_medium=organic&utm_campaign=houston_tx_77002,4.9,131,OPERATIONAL,Monday: Open 24 hours | Tuesday: Open 24 hours | Wednesday: Open 24 hours | Thursday: Open 24 hours | Friday: Open 24 hours | Saturday: Open 24 hours | Sunday: Open 24 hours
The Jackman Law Firm,lawyer,"801 Louisiana St Suite 305, Houston, TX 77002, USA",(713) 597-6435,https://www.jackmanfirm.com/,4.8,147,OPERATIONAL,Monday: Open 24 hours | Tuesday: Open 24 hours | Wednesday: Open 24 hours | Thursday: Open 24 hours | Friday: Open 24 hours | Saturday: Open 24 hours | Sunday: Open 24 hours
Thornton Esquire Law Group,lawyer,"3730 Kirby Dr # 1200, Houston, TX 77098, USA",(713) 728-7947,https://www.thorntonesquirelawgroup.com/?utm_source=google&utm_medium=gbp&utm_campaign=houston,4.9,174,OPERATIONAL,Monday: Open 24 hours | Tuesday: Open 24 hours | Wednesday: Open 24 hours | Thursday: Open 24 hours | Friday: Open 24 hours | Saturday: Open 24 hours | Sunday: Open 24 hours
"Mokolo Law Firm, PLLC",lawyer,"6464 Savoy Dr Suite 570, Houston, TX 77036, USA",(713) 881-9790,https://www.mokololaw.com/?utm_campaign=gmb,4.9,276,OPERATIONAL,Monday: 9:00 AM – 5:00 PM | Tuesday: 9:00 AM – 5:00 PM | Wednesday: 9:00 AM – 5:00 PM | Thursday: 9:00 AM – 5:00 PM | Friday: 9:00 AM – 3:00 PM | Saturday: Closed | Sunday: Closed
"Bowen Law Firm, PLLC",lawyer,"14202 Champion Forest Dr, Houston, TX 77069, USA",(713) 255-7321,https://www.bowenlf.com/,4.9,1230,OPERATIONAL,Monday: 8:00 AM – 5:00 PM | Tuesday: 8:00 AM – 5:00 PM | Wednesday: 8:00 AM – 5:00 PM | Thursday: 8:00 AM – 5:00 PM | Friday: 8:00 AM – 5:00 PM | Saturday: Closed | Sunday: Closed
Law Office of A. Green,lawyer,"6300 W Loop S #610, Bellaire, TX 77401, USA",(832) 844-1677,http://lawofficeagreen.com/,5,89,OPERATIONAL,Monday: 8:00 AM – 5:00 PM | Tuesday: 8:00 AM – 5:00 PM | Wednesday: 8:00 AM – 5:00 PM | Thursday: 8:00 AM – 5:00 PM | Friday: 8:00 AM – 1:00 PM | Saturday: Closed | Sunday: Closed
Skillern Firm Divorce & Child Custody Lawyers,lawyer,"701 N Post Oak Rd Suite 600, Houston, TX 77024, USA",(713) 229-8855,https://www.skillernfirm.com/,4.6,106,OPERATIONAL,Monday: Open 24 hours | Tuesday: Open 24 hours | Wednesday: Open 24 hours | Thursday: Open 24 hours | Friday: Open 24 hours | Saturday: Closed | Sunday: Closed
"Stagg and Associates, PLLC",lawyer,"1001 Texas Ave #960, Houston, TX 77002, USA",(713) 223-5811,https://www.staggandassociates.com/,4.9,378,OPERATIONAL,Monday: 9:00 AM – 5:00 PM | Tuesday: 9:00 AM – 5:00 PM | Wednesday: 9:00 AM – 5:00 PM | Thursday: 9:00 AM – 5:00 PM | Friday: 9:00 AM – 5:00 PM | Saturday: Closed | Sunday: Closed
"Nguyen & Malik, PLLC",lawyer,"801 Congress St Suite 280, Houston, TX 77002, USA",(713) 485-0781,https://www.nguyenandmaliklaw.com/?npcmp=dir:local:5233521:77002,4.9,38,OPERATIONAL,Monday: 9:00 AM – 5:00 PM | Tuesday: 9:00 AM – 5:00 PM | Wednesday: 9:00 AM – 5:00 PM | Thursday: 9:00 AM – 5:00 PM | Friday: 9:00 AM – 5:00 PM | Saturday: Closed | Sunday: Closed
The Larson Law Office PLLC,lawyer,"440 Louisiana St Ste 956, Houston, TX 77002, USA",(713) 221-9088,https://www.thelarsonlawoffice.com/?utm_source=GMB&utm_medium=Local&utm_campaign=Houston,4.7,95,OPERATIONAL,Monday: 8:00 AM – 5:00 PM | Tuesday: 8:00 AM – 5:00 PM | Wednesday: 8:00 AM – 5:00 PM | Thursday: 8:00 AM – 5:00 PM | Friday: 8:00 AM – 5:00 PM | Saturday: Closed | Sunday: Closed
"Farias Law, PLLC Houston",lawyer,"641 Heights Blvd, Houston, TX 77007, USA",(713) 226-7999,https://fariaslaw.com/?utm_source=google&utm_medium=organic&utm_campaign=gmb_local_growthlab,4.6,286,OPERATIONAL,Monday: Open 24 hours | Tuesday: Open 24 hours | Wednesday: Open 24 hours | Thursday: Open 24 hours | Friday: Open 24 hours | Saturday: Open 24 hours | Sunday: Open 24 hours
"Hunt Law Firm, PLLC",lawyer,"23212 Red River Dr, Katy, TX 77494, USA",(832) 781-0320,https://www.familylawyerkaty.com/,4.9,296,OPERATIONAL,Monday: 8:30 AM – 5:00 PM | Tuesday: 8:30 AM – 5:00 PM | Wednesday: 8:30 AM – 5:00 PM | Thursday: 8:30 AM – 5:00 PM | Friday: 8:30 AM – 5:00 PM | Saturday: Closed | Sunday: Closed
"Daniels Law Firm, PLLC",lawyer,"2000 Crawford St Suite 1315, Houston, TX 77002, USA",(346) 236-0230,http://www.thedanielslawfirm.com/?utm_campaign=gmb,5,47,OPERATIONAL,Monday: 8:30 AM – 5:00 PM | Tuesday: 8:30 AM – 5:00 PM | Wednesday: 8:30 AM – 5:00 PM | Thursday: 8:30 AM – 5:00 PM | Friday: 9:00 AM – 12:00 PM | Saturday: Closed | Sunday: Closed
Angela Faye Brown & Associates,lawyer,"1415 Louisiana St 18th Floor, Houston, TX 77002, USA",(713) 936-2677,http://www.afbfamilylaw.com/,4.8,181,OPERATIONAL,Monday: 9:00 AM – 5:00 PM | Tuesday: 9:00 AM – 5:00 PM | Wednesday: 9:00 AM – 5:00 PM | Thursday: 9:00 AM – 5:00 PM | Friday: 9:00 AM – 5:00 PM | Saturday: Closed | Sunday: Closed
"Law Office of Bryan Fagan, PLLC",lawyer,"3707 Cypress Creek Pkwy # 400, Houston, TX 77068, USA",(281) 810-9760,http://www.bryanfagan.com/,4.1,1856,OPERATIONAL,Monday: Open 24 hours | Tuesday: Open 24 hours | Wednesday: Open 24 hours | Thursday: Open 24 hours | Friday: Open 24 hours | Saturday: Open 24 hours | Sunday: Open 24 hours
Daniel Ogbeide Law,lawyer,"7324 Southwest Fwy Suite 1040, Houston, TX 77074, USA",(832) 321-7005,https://www.expertsinfamilylaw.com/?utm_source=Google&utm_medium=Organic&utm_campaign=GMB&utm_id=GMB,4.7,217,OPERATIONAL,Monday: 9:00 AM – 5:00 PM | Tuesday: 9:00 AM – 5:00 PM | Wednesday: 9:00 AM – 5:00 PM | Thursday: 9:00 AM – 5:00 PM | Friday: 9:00 AM – 5:00 PM | Saturday: 10:00 AM – 2:00 PM | Sunday: Closed
"Laura Dale & Associates, P.C.",lawyer,"1800 Saint James Place #620, Houston, TX 77056, USA",(713) 600-1717,http://www.dalefamilylaw.com/,4.5,139,OPERATIONAL,Monday: 8:30 AM – 5:30 PM | Tuesday: 8:30 AM – 5:30 PM | Wednesday: 8:30 AM – 5:30 PM | Thursday: 8:30 AM – 5:30 PM | Friday: 8:30 AM – 5:30 PM | Saturday: Closed | Sunday: Closed
Found Realty Group,real_estate_agency,"946 Heights Blvd, Houston, TX 77008, USA",(713) 609-1072,https://www.foundrealtyhouston.com/,5,665,OPERATIONAL,Monday: 9:00 AM – 8:00 PM | Tuesday: 9:00 AM – 8:00 PM | Wednesday: 9:00 AM – 8:00 PM | Thursday: 9:00 AM – 8:00 PM | Friday: 9:00 AM – 8:00 PM | Saturday: 9:00 AM – 8:00 PM | Sunday: 9:00 AM – 8:00 PM
Houston Properties Team,real_estate_agency,"5718 Westheimer Rd Suite 1000, Houston, TX 77057, USA",(713) 425-4194,http://houstonproperties.com/,5,1195,OPERATIONAL,Monday: Open 24 hours | Tuesday: Open 24 hours | Wednesday: Open 24 hours | Thursday: Open 24 hours | Friday: Open 24 hours | Saturday: Open 24 hours | Sunday: Open 24 hours
Jay Thomas Real Estate Team,real_estate_agency,"2925 Richmond Ave, Houston, TX 77098, USA",(832) 889-5607,https://www.householdrebate.com/,4.9,127,OPERATIONAL,Monday: 7:00 AM – 8:00 PM | Tuesday: 7:00 AM – 8:00 PM | Wednesday: 7:00 AM – 8:00 PM | Thursday: 7:00 AM – 8:00 PM | Friday: 7:00 AM – 8:00 PM | Saturday: 7:00 AM – 8:00 PM | Sunday: 7:00 AM – 8:00 PM
The SOLD with Santos Group - ST&A Realtors - Houston Home Buying & Selling Experts,real_estate_agency,"3302 Canal St, Houston, TX 77003, USA",(832) 231-3056,http://soldwithsantos.com/,5,201,OPERATIONAL,Monday: Open 24 hours | Tuesday: Open 24 hours | Wednesday: Open 24 hours | Thursday: Open 24 hours | Friday: Open 24 hours | Saturday: Open 24 hours | Sunday: Open 24 hours
CB Realty Team,real_estate_agency,"2067 Jacquelyn Dr, Houston, TX 77055, USA",(832) 581-3661,https://cbrealtyteam.com/?utm_source=gbp&utm_medium=organic,5,221,OPERATIONAL,
NextGen Real Estate,real_estate_agency,"9135 Katy Fwy #211, Houston, TX 77024, USA",(346) 888-2525,http://nextgen.realestate/,4.8,326,OPERATIONAL,Monday: 9:00 AM – 4:00 PM | Tuesday: 9:00 AM – 4:00 PM | Wednesday: 9:00 AM – 4:00 PM | Thursday: 9:00 AM – 4:00 PM | Friday: 9:00 AM – 4:00 PM | Saturday: Closed | Sunday: Closed
Corcoran Prestige Realty,real_estate_agency,"2000 Ella Blvd, Houston, TX 77008, USA",(713) 364-4003,https://corcoranprestige.com/,4.9,498,OPERATIONAL,Monday: 9:00 AM – 5:00 PM | Tuesday: 9:00 AM – 5:00 PM | Wednesday: 9:00 AM – 5:00 PM | Thursday: 9:00 AM – 5:00 PM | Friday: 9:00 AM – 5:00 PM | Saturday: Closed | Sunday: Closed
"Jennifer Yoingco, REALTOR - Houston Real Estate",real_estate_agency,"15420 Ridge Park Dr, Houston, TX 77095, USA",(832) 286-8636,https://houstonsuburb.com/?utm_source=GBP&utm_medium=organic&utm_campaign=office,5,224,OPERATIONAL,Monday: 9:00 AM – 6:00 PM | Tuesday: 9:00 AM – 6:00 PM | Wednesday: 9:00 AM – 6:00 PM | Thursday: 9:00 AM – 6:00 PM | Friday: 9:00 AM – 6:00 PM | Saturday: 9:00 AM – 6:00 PM | Sunday: Closed
Compean Group / Evan Compean,real_estate_agency,"802 W Patton St, Houston, TX 77009, USA",(832) 777-3904,https://www.compeangroup.com/?utm_source=google&utm_medium=gbp&utm_campaign=profile,5,196,OPERATIONAL,Monday: Open 24 hours | Tuesday: Open 24 hours | Wednesday: Open 24 hours | Thursday: Open 24 hours | Friday: Open 24 hours | Saturday: 8:00 AM – 3:00 PM | Sunday: 9:00 AM – 1:00 PM
The MOVEMETOTX Team,real_estate_agency,"1834 Southmore Blvd, Houston, TX 77004, USA",(832) 558-2522,http://movemetotx.com/,4.9,206,OPERATIONAL,Monday: 9:00 AM – 5:00 PM | Tuesday: 9:00 AM – 5:00 PM | Wednesday: 9:00 AM – 5:00 PM | Thursday: 9:00 AM – 5:00 PM | Friday: 9:00 AM – 5:00 PM | Saturday: 9:00 AM – 5:00 PM | Sunday: 9:00 AM – 5:00 PM
Houston Broker Team,real_estate_agency,"1220 Augusta Dr Ste 300, Houston, TX 77057, USA",(713) 494-8170,http://www.houstonbroker.com/,4.9,125,OPERATIONAL,Monday: 9:00 AM – 6:00 PM | Tuesday: 9:00 AM – 6:00 PM | Wednesday: 9:00 AM – 6:00 PM | Thursday: 9:00 AM – 6:00 PM | Friday: 9:00 AM – 6:00 PM | Saturday: 9:00 AM – 6:00 PM | Sunday: 9:00 AM – 6:00 PM
Cesar Espinoza Realtor/ Equity Houston,real_estate_agency,"13831 Northwest Fwy Suite 200, Houston, TX 77040, USA",(713) 489-7372,http://www.equityhouston.com/?utm_campaign=gmb,5,337,OPERATIONAL,Monday: Open 24 hours | Tuesday: Open 24 hours | Wednesday: Open 24 hours | Thursday: Open 24 hours | Friday: Open 24 hours | Saturday: Open 24 hours | Sunday: Open 24 hours
Bernstein Realty,real_estate_agency,"9575 Katy Fwy # 205, Houston, TX 77024, USA",(713) 932-1032,http://www.bernsteinrealty.com/,4.9,247,OPERATIONAL,Monday: 8:30 AM – 5:30 PM | Tuesday: 8:30 AM – 5:30 PM | Wednesday: 8:30 AM – 5:30 PM | Thursday: 8:30 AM – 5:30 PM | Friday: 8:30 AM – 5:30 PM | Saturday: Closed | Sunday: Closed
REALTOWN Real Estate Group by May Pham | New Homes in Houston - Mua Ban Nha Texas | eXp Realty,real_estate_agency,"9400 Bellaire Blvd UNIT 101, Houston, TX 77036, USA",(832) 907-7799,https://minhpham.exprealty.com/,5,152,OPERATIONAL,Monday: Open 24 hours | Tuesday: Open 24 hours | Wednesday: Open 24 hours | Thursday: Open 24 hours | Friday: Open 24 hours | Saturday: Open 24 hours | Sunday: Open 24 hours
Ms. Houston Real Estate,real_estate_agency,"929 Westcott St, Houston, TX 77007, USA",(346) 327-5787,https://designatedlocalexpert.com/mshouston/,5,83,OPERATIONAL,Monday: 8:00 AM – 8:00 PM | Tuesday: 8:00 AM – 8:00 PM | Wednesday: 8:00 AM – 8:00 PM | Thursday: 8:00 AM – 8:00 PM | Friday: 8:00 AM – 8:00 PM | Saturday: 8:00 AM – 8:00 PM | Sunday: 12:00 – 5:00 PM
Energy Realty | Houston Real Estate Experts,real_estate_agency,"1111 Eldridge Pkwy Ste 200, Houston, TX 77077, USA",(281) 679-6266,https://energy-realty.com/,4.7,172,OPERATIONAL,Monday: 10:00 AM – 6:00 PM | Tuesday: 10:00 AM – 6:00 PM | Wednesday: 10:00 AM – 6:00 PM | Thursday: 10:00 AM – 6:00 PM | Friday: 10:00 AM – 6:00 PM | Saturday: Closed | Sunday: Closed
Pop Realty Houston,real_estate_agency,"5718 Westheimer Rd Suite 1000, Houston, TX 77057, USA",(713) 714-5926,https://poprealty.com/,4.9,51,OPERATIONAL,Monday: Open 24 hours | Tuesday: Open 24 hours | Wednesday: Open 24 hours | Thursday: Open 24 hours | Friday: Open 24 hours | Saturday: Open 24 hours | Sunday: Open 24 hours
Shawn Manderscheid Team,real_estate_agency,"638 Heights Blvd, Houston, TX 77007, USA",(832) 753-4242,http://www.realestatehouston.com/?utm_source=GoogleMyBusiness&utm_medium=organic,5,55,OPERATIONAL,Monday: Open 24 hours | Tuesday: Open 24 hours | Wednesday: Open 24 hours | Thursday: Open 24 hours | Friday: Open 24 hours | Saturday: Open 24 hours | Sunday: Open 24 hours
Realty Kings Properties,real_estate_agency,"3040 Post Oak Blvd Ste 1800-107, Houston, TX 77056, USA",(713) 987-7050,http://www.realtykingsproperties.com/,4.9,141,OPERATIONAL,Monday: 9:00 AM – 6:00 PM | Tuesday: 9:00 AM – 6:00 PM | Wednesday: 9:00 AM – 6:00 PM | Thursday: 9:00 AM – 6:00 PM | Friday: 9:00 AM – 6:00 PM | Saturday: 10:00 AM – 2:00 PM | Sunday: Closed
HTX Group at Realty Of America,real_estate_agency,"600 N Shepherd Dr Suite 535, Houston, TX 77007, USA",(713) 628-7956,https://htxgroup.com/,5,86,OPERATIONAL,Monday: Open 24 hours | Tuesday: Open 24 hours | Wednesday: Open 24 hours | Thursday: Open 24 hours | Friday: Open 24 hours | Saturday: Open 24 hours | Sunday: Open 24 hours
Hull & Oak,restaurant,"1070 Dallas St, Houston, TX 77002, USA",(713) 242-8555,https://hullandoak.com/,4.6,1103,OPERATIONAL,Monday: 6:30 AM – 2:00 PM | Tuesday: 6:30 AM – 2:00 PM | Wednesday: 6:30 AM – 2:00 PM | Thursday: 6:30 AM – 2:00 PM | Friday: 6:30 AM – 2:00 PM | Saturday: 6:30 AM – 2:00 PM | Sunday: 6:30 AM – 2:00 PM
State of Grace,restaurant,"3258 Westheimer Rd, Houston, TX 77098, USA",(832) 942-5080,http://www.stateofgracetx.com/,4.6,1961,OPERATIONAL,Monday: 5:00 – 10:00 PM | Tuesday: 5:00 – 10:00 PM | Wednesday: 11:00 AM – 10:00 PM | Thursday: 11:00 AM – 10:00 PM | Friday: 11:00 AM – 10:00 PM | Saturday: 11:00 AM – 10:00 PM | Sunday: 11:00 AM – 9:00 PM
Hudson House,restaurant,"1964 W Gray St, Houston, TX 77019, USA",(832) 648-3210,https://www.hudsonhouse.com/,4.7,1062,OPERATIONAL,Monday: 11:00 AM – 9:00 PM | Tuesday: 11:00 AM – 9:00 PM | Wednesday: 11:00 AM – 9:00 PM | Thursday: 11:00 AM – 10:00 PM | Friday: 11:00 AM – 10:00 PM | Saturday: 10:00 AM – 10:00 PM | Sunday: 10:00 AM – 9:00 PM
The Finn,restaurant,"712 Main St, Houston, TX 77002, USA",(713) 357-5115,https://www.thefinnhou.com/,4.4,1068,OPERATIONAL,Monday: 8:00 AM – 9:00 PM | Tuesday: 8:00 AM – 9:00 PM | Wednesday: 8:00 AM – 9:00 PM | Thursday: 8:00 AM – 11:00 PM | Friday: 8:00 AM – 11:00 PM | Saturday: 8:00 AM – 12:00 AM | Sunday: Closed
Nancy's Hustle,restaurant,"2704 Polk St A, Houston, TX 77003, USA",(346) 571-7931,http://nancyshustle.com/,4.7,2177,OPERATIONAL,Monday: 5:00 – 11:00 PM | Tuesday: 5:00 – 11:00 PM | Wednesday: 5:00 – 11:00 PM | Thursday: 5:00 – 11:00 PM | Friday: 5:00 – 11:00 PM | Saturday: 5:00 – 11:00 PM | Sunday: 5:00 – 11:00 PM
ARTISTRY,restaurant,"Finn Hall, 712 Main St, Houston, TX 77002, USA",(713) 309-6391,https://www.artistryhouston.com/?utm_source=google&utm_medium=wix_google_business_profile&utm_campaign=2060692281121717743,4.9,125,OPERATIONAL,Monday: 11:00 AM – 9:00 PM | Tuesday: 11:00 AM – 9:00 PM | Wednesday: 11:00 AM – 9:00 PM | Thursday: 11:00 AM – 11:00 PM | Friday: 11:00 AM – 11:00 PM | Saturday: 11:00 AM – 11:00 PM | Sunday: Closed
Good Times,restaurant,"2100 Travis St Ste 160, Houston, TX 77002, USA",(832) 804-7255,https://houstongoodtimes.com/,4.5,832,OPERATIONAL,Monday: 9:00 AM – 3:00 PM | Tuesday: 9:00 AM – 3:00 PM | Wednesday: 9:00 AM – 3:00 PM | Thursday: 9:00 AM – 3:00 PM | Friday: 9:00 AM – 3:00 PM | Saturday: 9:00 AM – 4:00 PM | Sunday: 9:00 AM – 4:00 PM
Traveler's Table,restaurant,"520 Westheimer Rd, Houston, TX 77006, USA",(832) 409-5785,http://www.travelerstable.com/,4.6,2799,OPERATIONAL,"Monday: 5:00 – 9:30 PM | Tuesday: 5:00 – 9:30 PM | Wednesday: 5:00 – 10:00 PM | Thursday: 5:00 – 10:00 PM | Friday: 10:00 AM – 2:30 PM, 5:00 – 11:00 PM | Saturday: 10:00 AM – 2:30 PM, 5:00 – 11:00 PM | Sunday: 10:00 AM – 2:30 PM, 5:00 – 10:00 PM"
ChòpnBlọk,restaurant,"401 Franklin St, Houston, TX 77201, USA",(281) 631-5009,https://chopnblok.co/,4.6,802,OPERATIONAL,Monday: 11:00 AM – 9:00 PM | Tuesday: 11:00 AM – 9:00 PM | Wednesday: 11:00 AM – 9:00 PM | Thursday: 11:00 AM – 10:00 PM | Friday: 11:00 AM – 10:00 PM | Saturday: 11:00 AM – 10:00 PM | Sunday: 11:00 AM – 9:00 PM
Nobie's,restaurant,"2048 Colquitt St, Houston, TX 77098, USA",(346) 319-5919,http://nobieshtx.com/,4.6,1090,OPERATIONAL,Monday: 5:00 – 11:00 PM | Tuesday: Closed | Wednesday: 5:00 – 11:00 PM | Thursday: 5:00 – 11:00 PM | Friday: 5:00 PM – 12:00 AM | Saturday: 5:00 PM – 12:00 AM | Sunday: 5:00 – 11:00 PM
Rainbow Lodge,restaurant,"2011 Ella Blvd, Houston, TX 77008, USA",(713) 861-8666,http://rainbow-lodge.com/,4.5,2802,OPERATIONAL,Monday: Closed | Tuesday: 11:00 AM – 10:00 PM | Wednesday: 11:00 AM – 10:00 PM | Thursday: 11:00 AM – 10:00 PM | Friday: 11:00 AM – 10:00 PM | Saturday: 5:00 – 10:00 PM | Sunday: 10:30 AM – 9:00 PM
POST Market (Food Hall),restaurant,"401 Franklin St Suite 1200, Houston, TX 77002, USA",(713) 999-2550,https://posthtx.com/eat,4.6,2000,OPERATIONAL,Monday: 11:00 AM – 9:00 PM | Tuesday: 11:00 AM – 9:00 PM | Wednesday: 11:00 AM – 9:00 PM | Thursday: 11:00 AM – 10:00 PM | Friday: 11:00 AM – 10:00 PM | Saturday: 11:00 AM – 10:00 PM | Sunday: 11:00 AM – 9:00 PM
Xochi,restaurant,"1777 Walker St, Houston, TX 77010, USA",(713) 400-3330,http://www.xochihouston.com/?y_source=1_MTAzMTYxNjcyOS03MTUtbG9jYXRpb24ud2Vic2l0ZQ%3D%3D,4.6,4092,OPERATIONAL,Monday: 11:30 AM – 9:00 PM | Tuesday: 11:30 AM – 9:00 PM | Wednesday: 11:30 AM – 9:00 PM | Thursday: 11:30 AM – 9:00 PM | Friday: 11:30 AM – 11:00 PM | Saturday: 11:30 AM – 11:00 PM | Sunday: 10:30 AM – 3:00 PM
Bludorn,restaurant,"807 Taft St, Houston, TX 77019, USA",(713) 999-0146,http://www.bludornrestaurant.com/,4.6,1356,OPERATIONAL,"Monday: 5:00 – 10:00 PM | Tuesday: 5:00 – 10:00 PM | Wednesday: 5:00 – 10:00 PM | Thursday: 5:00 – 10:00 PM | Friday: 5:00 – 10:30 PM | Saturday: 5:00 – 10:30 PM | Sunday: 11:00 AM – 2:30 PM, 5:30 – 9:30 PM"
The Nash,restaurant,"1111 Rusk St Suite 172, Houston, TX 77002, USA",(713) 222-6274,https://www.thenashhouston.com/,4.3,255,OPERATIONAL,Monday: 11:00 AM – 8:00 PM | Tuesday: 11:00 AM – 8:00 PM | Wednesday: 11:00 AM – 8:00 PM | Thursday: 11:00 AM – 8:00 PM | Friday: 11:00 AM – 9:00 PM | Saturday: 5:00 – 9:00 PM | Sunday: Closed
The Grove,restaurant,"1611 Lamar St, Houston, TX 77010, USA",(713) 337-7321,http://thegrovehouston.com/,4.3,1269,OPERATIONAL,"Monday: 11:00 AM – 3:00 PM | Tuesday: 11:00 AM – 3:00 PM, 5:00 – 9:00 PM | Wednesday: 11:00 AM – 3:00 PM, 5:00 – 9:00 PM | Thursday: 11:00 AM – 3:00 PM, 5:00 – 9:00 PM | Friday: 11:00 AM – 3:00 PM, 5:00 – 10:00 PM | Saturday: 5:00 – 10:00 PM | Sunday: Closed"
Guard and Grace - Houston,restaurant,"500 Dallas St Suite 100, Houston, TX 77002, USA",(346) 326-0789,https://www.guardandgrace.com/houston,4.5,1940,OPERATIONAL,Monday: 10:30 AM – 9:00 PM | Tuesday: 10:30 AM – 9:00 PM | Wednesday: 10:30 AM – 9:00 PM | Thursday: 10:30 AM – 9:00 PM | Friday: 10:30 AM – 9:30 PM | Saturday: 4:30 – 9:30 PM | Sunday: Closed
Foundation Room Houston,restaurant,"1204 Caroline St, Houston, TX 77002, USA",(832) 667-7794,https://locations.houseofblues.com/foundation-room/tx/houston/1204-caroline-st.?y_source=1_MTU2MzYxNTUtNzE1LWxvY2F0aW9uLndlYnNpdGU%3D,4.5,379,OPERATIONAL,Monday: Closed | Tuesday: Closed | Wednesday: Closed | Thursday: 6:00 PM – 12:00 AM | Friday: 6:00 PM – 1:00 AM | Saturday: 6:00 PM – 1:00 AM | Sunday: Closed
Eunice,restaurant,"3737 Buffalo Speedway Suite 100, Houston, TX 77098, USA",(832) 491-1717,http://eunicerestaurant.com/,4.5,1349,OPERATIONAL,Monday: 11:00 AM – 9:00 PM | Tuesday: 11:00 AM – 9:00 PM | Wednesday: 11:00 AM – 9:00 PM | Thursday: 11:00 AM – 9:00 PM | Friday: 11:00 AM – 10:00 PM | Saturday: 11:00 AM – 10:00 PM | Sunday: 11:00 AM – 8:00 PM
Southern Yankee Crafthouse,restaurant,"1312 W Alabama St, Houston, TX 77006, USA",(346) 320-2806,https://www.crafthousehtx.com/,4.7,902,OPERATIONAL,Monday: 11:00 AM – 10:00 PM | Tuesday: 11:00 AM – 10:00 PM | Wednesday: 11:00 AM – 10:00 PM | Thursday: 11:00 AM – 10:00 PM | Friday: 11:00 AM – 10:00 PM | Saturday: 11:00 AM – 10:00 PM | Sunday: 11:00 AM – 10:00 PM
